📖 Reading List — Papers,,,,,,,,,,
Fill in a new row per paper. Status / Priority / Project use dropdowns.,,,,,,,,,,
,,,,,,,,,,
,,,,,,,,,,
Title,Authors,Year,Venue / Conference,Priority,Status,Link / DOI,Key Idea (1-2 lines),My Notes,Delivery,Date Added
Question answering over spatio-temporal knowledge graph,"Xinbang Dai, Huiying Li, Nan Hu, Yongrui Chen, Rihui Jin, Huikang Hu, Guilin Qi",2025,Elsevier BV,High,Finished,https://doi.org/10.2139/ssrn.5207018,"- Cung cấp một spatio-temporal benchmark với 10,000 câu hỏi về cả temporal và spatial reasoning.
- Paper cũng chỉ ra rằng KGQA thua so với STQAD, chủ yếu là vì nó không có khả năng trong việc mô hình được các tương tác giữa không-thời gian. 
- Propose một STCQA để embeds jointly  temporal và spatial feature vào dạng biểu diễn của KG và lọc ra các kết quả dynamically. 
- STCQA gồm 3 ý chính đó là: preprocessing, answer retrieval và answer filtering. Trong đó tại bước answer retrieval thì họ mở rộng temporal KG embedding để tích hợp thông tin về không gian. 
","Trong STKG biểu diễn theo tuple là (subject, relation, object, occursSince, start_time, occursUntil, end_time,
occursIn, <longitude, latitude>)",,06/09/2026
"YAGO2: A Spatially and Temporally Enhanced
Knowledge Base from Wikipedia ","Johannes Hoffart, Fabian M. Suchanek, Klaus Berberich, Gerhard Weikum",2013,Artificial Intelligence,Medium,Finished,https://doi.org/10.1016/j.artint.2012.06.001,- Cải tiến Knowledge Base YAGO bằng cách tích hợp thêm thông tin về không gian chung với temporal. ,,,06/09/2026
TVQA+: Spatio-Temporal Grounding for Video Question Answering,Error,,,Medium,To Read,https://doi.org/10.18653/v1/2020.acl-main.730,,,,
StepGame: A New Benchmark for Robust Multi-Hop Spatial Reasoning in Texts,"Zhengxiang Shi, Qiang Zhang, Aldo Lipani",2022,Proceedings of the AAAI Conference on Artificial Intelligence,High,Reading,https://doi.org/10.1609/aaai.v36i10.21383,,,,
Do Vision-Language Models Represent Space and How? Evaluating Spatial Frame of Reference Under Ambiguities,"Gabriele Janzen, Daniel B. M. Haun, Stephen C. Levinson",2012,PLoS ONE,High,Reading,https://doi.org/10.1371/journal.pone.0030657,,,,
 Can Multimodal Large Language Models Understand Spatial Relations?,Error,,,High,,https://doi.org/10.18653/v1/2025.acl-long.31,,,,